station,Docked_Rent_15_1,Docked_Rent_15_2,Docked_Rent_15_3,Docked_Rent_15_4,Docked_Rent_15_5,Docked_Rent_15_6,Docked_Rent_15_7,Docked_Rent_15_8,Docked_Rent_15_9,Docked_Rent_15_10,Docked_Rent_15_11,Docked_Rent_15_12,Docked_Return_15_1,Docked_Return_15_2,Docked_Return_15_3,Docked_Return_15_4,Docked_Return_15_5,Docked_Return_15_6,Docked_Return_15_7,Docked_Return_15_8,Docked_Return_15_9,Docked_Return_15_10,Docked_Return_15_11,Docked_Return_15_12,Docked_Rent_30_1,Docked_Rent_30_2,Docked_Rent_30_3,Docked_Rent_30_4,Docked_Rent_30_5,Docked_Rent_30_6,Docked_Return_30_1,Docked_Return_30_2,Docked_Return_30_3,Docked_Return_30_4,Docked_Return_30_5,Docked_Return_30_6,Docked_Rent_45_1,Docked_Rent_45_2,Docked_Rent_45_3,Docked_Rent_45_4,Docked_Return_45_1,Docked_Return_45_2,Docked_Return_45_3,Docked_Return_45_4,Docked_Rent_60_1,Docked_Rent_60_2,Docked_Rent_60_3,Docked_Return_60_1,Docked_Return_60_2,Docked_Return_60_3
11101,0,0,1,0,0,0,1,1,0,2,0,1,0,0,0,0,0,1,0,0,0,2,0,0,0,1,0,2,2,1,0,0,1,0,2,0,1,0,2,3,0,1,0,2,1,2,3,0,1,2
11102,1,0,1,2,7,3,3,2,4,4,5,3,0,0,0,3,10,10,16,22,8,14,5,2,1,3,10,5,8,8,0,3,20,38,22,7,2,12,9,12,0,23,46,21,4,15,16,3,58,29
11103,0,0,0,0,0,4,3,4,5,1,3,5,0,0,0,0,1,0,1,0,4,3,4,12,0,0,4,7,6,8,0,0,1,1,7,16,0,4,12,9,0,1,5,19,0,11,14,0,2,23
11104,0,1,1,2,1,8,3,9,2,5,1,2,0,0,1,0,2,1,3,2,11,1,3,1,1,3,9,12,7,3,0,1,3,5,12,4,2,11,14,8,1,3,16,5,4,21,10,1,8,16
11105,0,0,0,1,2,2,0,3,2,5,1,3,0,0,0,2,1,3,6,8,11,19,4,9,0,1,4,3,7,4,0,2,4,14,30,13,0,5,5,9,0,6,25,32,1,7,11,2,18,43
11106,0,1,0,1,0,0,0,0,2,0,1,2,0,0,0,0,0,1,0,1,2,4,4,4,1,1,0,0,2,3,0,0,1,1,6,8,1,1,2,3,0,1,3,12,2,0,5,0,2,14
11107,0,0,2,1,4,1,6,4,10,5,10,6,1,0,2,0,2,1,5,13,5,3,3,5,0,3,5,10,15,16,1,2,3,18,8,8,2,6,20,21,3,3,23,11,3,15,31,3,21,16
11123,1,1,0,0,2,3,0,0,3,2,3,3,0,0,0,0,4,0,0,1,0,1,0,0,2,0,5,0,5,6,0,0,4,1,1,0,2,5,3,8,0,4,1,1,2,5,11,0,5,1
11126,1,0,0,0,1,2,3,8,7,4,4,4,0,0,0,0,0,1,4,2,0,3,4,0,1,0,3,11,11,8,0,0,1,6,3,4,1,3,18,12,0,1,6,7,1,14,19,0,7,7
11127,0,1,2,3,4,4,3,5,4,3,2,3,0,0,0,0,1,1,5,1,1,4,3,0,1,5,8,8,7,5,0,0,2,6,5,3,3,11,12,8,0,2,7,7,6,16,12,0,8,8
11128,0,0,1,0,2,1,2,3,3,5,3,3,1,0,0,2,1,2,1,3,3,7,11,10,0,1,3,5,8,6,1,2,3,4,10,21,1,3,8,11,1,5,7,28,1,8,14,3,7,31
11129,0,0,1,0,1,7,4,2,2,3,2,5,0,1,1,2,2,2,4,1,4,2,2,3,0,1,8,6,5,7,1,3,4,5,6,5,1,8,8,10,2,6,9,7,1,14,12,4,9,11
11130,0,0,1,5,3,4,4,10,16,10,3,2,1,0,3,1,2,2,1,4,2,2,0,0,0,6,7,14,26,5,1,4,4,5,4,0,1,12,30,15,4,5,7,2,6,21,31,5,9,4
11131,0,0,0,0,0,0,0,0,0,0,0,0,0,0,0,0,0,0,0,0,0,0,0,0,0,0,0,0,0,0,0,0,0,0,0,0,0,0,0,0,0,0,0,0,0,0,0,0,0,0
11153,0,0,1,2,1,2,3,0,2,1,0,0,0,0,0,2,0,1,0,2,1,2,1,1,0,3,3,3,3,0,0,2,1,2,3,2,1,5,5,1,0,3,3,4,3,6,3,2,3,5
11157,0,0,0,2,0,2,3,1,8,2,5,1,0,0,0,0,1,1,0,2,1,4,3,0,0,2,2,4,10,6,0,0,2,2,5,3,0,4,12,8,0,2,3,7,2,6,16,0,4,8
13062,0,0,3,2,5,3,8,6,7,5,7,1,1,1,14,11,7,3,0,2,2,4,3,4,0,5,8,14,12,8,2,25,10,2,6,7,3,10,21,13,16,21,4,11,5,22,20,27,12,13
13064,1,0,0,0,0,0,0,1,2,0,0,1,0,0,1,0,1,0,0,2,2,1,3,2,1,0,0,1,2,1,0,1,1,2,3,5,1,0,3,1,1,1,4,6,1,1,3,1,3,8
13070,0,1,1,1,1,1,2,4,4,2,2,2,0,0,0,1,0,1,3,2,2,1,1,6,1,2,2,6,6,4,0,1,1,5,3,7,2,3,10,6,0,2,7,8,3,8,10,1,6,10
13072,0,0,0,0,0,0,0,0,0,1,2,0,0,0,0,2,0,0,0,3,5,2,4,4,0,0,0,0,1,2,0,2,0,3,7,8,0,0,0,3,0,2,8,10,0,0,3,2,3,15
13073,0,0,1,0,1,0,1,0,1,0,3,1,1,1,2,2,1,1,1,1,1,0,2,0,0,1,1,1,1,4,2,4,2,2,1,2,1,1,2,4,4,4,3,2,1,2,5,6,4,3
13075,0,0,0,0,0,0,0,0,2,1,0,0,0,0,0,0,0,0,0,0,5,0,0,1,0,0,0,0,3,0,0,0,0,0,5,1,0,0,2,1,0,0,5,1,0,0,3,0,0,6
13094,0,3,0,1,1,0,1,5,1,1,3,0,0,0,1,1,0,0,1,1,3,1,2,1,3,1,1,6,2,3,0,2,0,2,4,3,3,2,7,4,1,1,5,4,4,7,5,2,2,7
13095,0,1,2,2,2,1,1,2,2,5,1,0,0,0,1,2,1,1,1,1,4,4,2,0,1,4,3,3,7,1,0,3,2,2,8,2,3,5,5,6,1,4,6,6,5,6,8,3,4,10
13096,0,2,1,2,1,4,3,1,1,2,2,2,0,0,0,1,1,1,2,1,1,2,4,1,2,3,5,4,3,4,0,1,2,3,3,5,3,7,5,6,0,3,4,7,5,9,7,1,5,8
13097,0,0,3,1,0,2,2,8,5,1,5,2,0,0,1,1,0,4,0,2,3,1,3,7,0,4,2,10,6,7,0,2,4,2,4,10,3,3,15,8,1,5,5,11,4,12,13,2,6,14
13098,0,2,2,2,5,4,2,4,4,5,4,4,0,1,2,0,0,1,0,3,0,2,2,3,2,4,9,6,9,8,1,2,1,3,2,5,4,11,10,13,3,1,3,7,6,15,17,3,4,7
13099,0,0,0,0,0,1,0,0,1,0,1,0,1,0,1,0,0,0,2,2,0,0,0,0,0,0,1,0,1,1,1,1,0,4,0,0,0,1,1,1,2,0,4,0,0,1,2,2,4,0
15098,2,0,0,0,1,1,2,0,1,2,5,0,1,0,1,0,1,0,1,1,1,4,3,0,2,0,2,2,3,5,1,1,1,2,5,3,2,2,3,7,2,1,3,7,2,4,8,2,3,8
15099,0,0,0,2,0,0,0,0,1,0,1,0,0,0,0,1,0,0,1,2,1,0,0,0,0,2,0,0,1,1,0,1,0,3,1,0,0,2,1,1,0,1,4,0,2,0,2,1,3,1
15100,2,2,4,2,2,4,5,2,14,1,0,3,0,1,1,1,1,1,1,0,2,8,1,3,4,6,6,7,15,3,1,2,2,1,10,4,8,8,21,4,2,3,3,12,10,13,18,3,3,14
15101,1,2,2,1,5,1,3,0,9,2,5,4,0,1,1,0,0,1,5,3,4,5,11,6,3,3,6,3,11,9,1,1,1,8,9,17,5,7,12,11,2,1,12,22,6,9,20,2,9,26
15118,0,0,0,0,1,1,0,0,0,4,1,2,0,0,1,1,0,4,2,0,0,3,3,6,0,0,2,0,4,3,0,2,4,2,3,9,0,2,0,7,1,5,2,12,0,2,7,2,6,12
15120,0,0,1,1,0,1,1,2,2,0,0,0,0,0,0,0,0,0,0,0,0,1,0,0,0,2,1,3,2,0,0,0,0,0,1,0,1,2,5,0,0,0,0,1,2,4,2,0,0,1
15143,1,0,2,3,2,2,3,5,4,1,5,2,0,1,1,4,0,0,5,1,5,4,2,9,1,5,4,8,5,7,1,5,0,6,9,11,3,7,12,8,2,4,11,15,6,12,12,6,6,20
15144,1,1,4,4,3,3,3,3,3,4,4,2,0,0,1,0,1,3,6,10,1,1,5,4,2,8,6,6,7,6,0,1,4,16,2,9,6,10,9,10,1,4,17,10,10,12,13,1,20,11
15148,0,2,0,2,1,2,4,2,3,1,1,4,1,1,0,1,2,2,5,3,2,6,3,7,2,2,3,6,4,5,2,1,4,8,8,10,2,5,9,6,2,5,10,16,4,9,9,3,12,18
11001,1,0,1,7,4,6,4,6,7,4,5,8,0,0,0,0,4,6,0,5,3,11,6,5,1,8,10,10,11,13,0,0,10,5,14,11,2,17,17,17,0,10,8,22,9,20,24,0,15,25
11002,0,1,0,0,3,2,0,1,4,2,3,6,0,1,0,0,1,1,1,1,3,4,0,3,1,0,5,1,6,9,1,0,2,2,7,3,1,5,5,11,1,2,5,7,1,6,15,1,4,10
11003,0,1,1,0,1,4,7,2,6,6,3,6,0,1,0,1,3,1,5,5,4,1,3,2,1,1,5,9,12,9,1,1,4,10,5,5,2,5,15,15,1,5,14,6,2,14,21,2,14,10
11004,0,0,1,1,0,0,1,0,3,3,2,4,0,0,1,1,0,1,2,3,6,4,1,3,0,2,0,1,6,6,0,2,1,5,10,4,1,1,4,9,1,2,11,8,2,1,12,2,6,14
11005,0,0,0,0,2,0,1,4,3,2,0,1,0,0,0,7,0,1,5,3,6,4,2,2,0,0,2,5,5,1,0,7,1,8,10,4,0,2,8,3,0,8,14,8,0,7,6,7,9,14
11006,0,0,0,0,0,0,0,0,0,0,0,0,0,0,0,0,0,0,0,0,0,0,0,0,0,0,0,0,0,0,0,0,0,0,0,0,0,0,0,0,0,0,0,0,0,0,0,0,0,0
11007,1,1,2,2,1,9,1,1,3,0,2,3,0,0,0,3,0,5,1,0,1,1,6,3,2,4,10,2,3,5,0,3,5,1,2,9,4,12,5,5,0,8,2,10,6,12,8,3,6,11
11008,0,0,0,1,1,0,0,1,0,0,2,1,1,0,0,0,2,2,0,1,2,1,0,0,0,1,1,1,0,3,1,0,4,1,3,0,0,2,1,3,1,4,3,1,1,2,3,1,5,3
11009,0,1,2,0,1,3,1,2,6,3,2,1,0,0,1,0,2,0,4,2,1,2,1,0,1,2,4,3,9,3,0,1,2,6,3,1,3,4,9,6,1,2,7,3,3,7,12,1,8,4
11011,0,1,0,2,1,3,9,8,3,5,7,2,1,1,0,2,3,1,5,2,6,9,12,13,1,2,4,17,8,9,2,2,4,7,15,25,1,6,20,14,2,6,13,34,3,21,17,4,11,40
11012,1,0,1,0,0,1,4,1,7,4,0,0,0,0,2,4,2,6,4,11,12,4,14,10,1,1,1,5,11,0,0,6,8,15,16,24,2,1,12,4,2,12,27,28,2,6,11,6,23,40
11013,2,0,0,2,1,2,3,6,2,2,4,2,0,1,1,1,2,0,8,4,10,9,1,7,2,2,3,9,4,6,1,2,2,12,19,8,2,5,11,8,2,3,22,17,4,12,10,3,14,27
11014,0,0,3,3,6,4,5,4,8,7,6,1,0,0,2,0,1,4,6,2,3,5,3,6,0,6,10,9,15,7,0,2,5,8,8,9,3,13,17,14,2,5,11,14,6,19,22,2,13,17
11015,0,4,1,1,2,3,3,0,0,2,5,0,0,0,0,0,4,0,0,0,1,1,0,1,4,2,5,3,2,5,0,0,4,0,2,1,5,6,3,7,0,4,1,2,6,8,7,0,4,3
11016,0,0,0,1,4,1,2,0,4,5,1,3,0,0,1,0,0,1,2,3,2,3,1,8,0,1,5,2,9,4,0,1,1,5,5,9,0,6,6,9,1,1,7,12,1,7,13,1,6,14
11018,0,0,0,1,1,0,1,3,21,7,2,6,0,0,1,0,0,0,0,2,2,1,0,2,0,1,1,4,28,8,0,1,0,2,3,2,0,2,25,15,1,0,4,3,1,5,36,1,2,5
11019,0,0,0,0,1,2,0,1,4,1,0,1,1,0,0,0,1,2,4,6,3,5,4,2,0,0,3,1,5,1,1,0,3,10,8,6,0,3,5,2,1,3,13,11,0,4,6,1,13,14
11020,0,1,1,2,3,1,4,2,3,5,2,2,0,1,0,2,2,1,0,4,5,3,2,2,1,3,4,6,8,4,1,2,3,4,8,4,2,6,9,9,1,5,9,7,4,10,12,3,7,12
11021,0,0,2,3,0,1,4,8,10,10,7,5,0,1,0,1,2,1,3,5,4,3,7,3,0,5,1,12,20,12,1,1,3,8,7,10,2,4,22,22,1,4,12,13,5,13,32,2,11,17
11022,0,0,0,0,0,1,0,0,1,1,0,0,0,0,0,0,1,1,2,2,0,6,6,2,0,0,1,0,2,0,0,0,2,4,6,8,0,1,1,1,0,2,4,14,0,1,2,0,6,14
11023,1,0,0,0,1,0,0,1,1,0,0,1,0,0,0,0,0,2,1,1,1,2,1,0,1,0,1,1,1,1,0,0,2,2,3,1,1,1,2,1,0,2,3,3,1,2,2,0,4,4
11024,0,1,4,1,0,2,1,4,0,1,1,0,0,0,2,1,0,0,0,1,0,2,0,0,1,5,2,5,1,1,0,3,0,1,2,0,5,3,5,2,2,1,1,2,6,7,2,3,1,2
11025,0,0,0,1,2,0,3,1,0,0,1,2,0,0,1,0,0,0,0,1,1,0,0,0,0,1,2,4,0,3,0,1,0,1,1,0,0,3,4,3,1,0,2,0,1,6,3,1,1,1
11026,2,1,1,2,1,1,4,1,2,4,3,6,0,0,0,0,0,0,2,2,2,2,3,1,3,3,2,5,6,9,0,0,0,4,4,4,4,4,7,13,0,0,6,6,6,7,15,0,4,8
11027,0,0,1,6,1,4,0,3,3,2,4,1,0,1,0,1,0,1,5,1,9,7,4,4,0,7,5,3,5,5,1,1,1,6,16,8,1,11,6,7,1,2,15,15,7,8,10,2,7,24
11028,0,2,2,2,4,4,7,7,3,7,3,2,1,0,1,2,1,1,5,6,13,37,9,7,2,4,8,14,10,5,1,3,2,11,50,16,4,10,17,12,2,4,24,53,6,22,15,4,13,66
11029,0,0,0,0,1,0,1,2,4,2,3,0,0,0,0,0,1,1,4,0,4,6,5,2,0,0,1,3,6,3,0,0,2,4,10,7,0,1,7,5,0,2,8,13,0,4,9,0,6,17
11030,2,0,1,1,3,1,2,4,4,1,2,1,0,0,2,1,0,1,1,2,2,4,2,0,2,2,4,6,5,3,0,3,1,3,6,2,3,5,10,4,2,2,5,6,4,10,8,3,4,8
11031,0,0,0,2,0,1,0,2,5,3,0,7,0,0,0,2,2,2,1,4,4,2,1,1,0,2,1,2,8,7,0,2,4,5,6,2,0,3,7,10,0,6,9,4,2,3,15,2,9,8
11034,2,1,1,0,1,1,0,1,0,0,1,0,0,0,2,1,1,1,1,0,0,0,0,0,3,1,2,1,0,1,0,3,2,1,0,0,4,2,1,1,2,3,1,0,4,3,1,3,3,0
11035,0,0,0,1,2,2,0,1,1,1,1,0,0,0,1,1,0,0,1,1,0,0,0,0,0,1,4,1,2,1,0,2,0,2,0,0,0,5,2,2,1,1,2,0,1,5,3,2,2,0
11271,0,0,0,0,1,2,1,0,3,1,1,0,0,0,0,0,0,0,1,0,0,0,0,0,0,0,3,1,4,1,0,0,0,1,0,0,0,3,4,2,0,0,1,0,0,4,5,0,1,0
11272,0,0,0,0,0,1,1,2,3,3,2,0,0,1,0,0,0,2,0,2,2,2,2,2,0,0,1,3,6,2,1,0,2,2,4,4,0,1,6,5,1,2,4,6,0,4,8,1,4,8
13001,0,1,0,0,1,0,2,0,1,2,1,2,0,0,0,1,1,2,0,0,3,0,2,1,1,0,1,2,3,3,0,1,3,0,3,3,1,1,3,5,0,4,3,3,1,3,6,1,3,6
13002,0,0,4,3,4,1,4,4,3,1,5,4,0,0,0,0,0,1,2,6,9,12,14,10,0,7,5,8,4,9,0,0,1,8,21,24,4,8,11,10,0,1,17,36,7,13,13,0,9,45
13003,1,0,0,0,1,3,1,1,1,2,0,1,0,0,1,0,2,3,2,2,2,6,1,4,1,0,4,2,3,1,0,1,5,4,8,5,1,4,3,3,1,5,6,11,1,6,4,1,9,13
13004,0,0,0,0,3,0,4,7,8,5,7,3,0,1,0,2,3,1,3,6,1,2,6,1,0,0,3,11,13,10,1,2,4,9,3,7,0,3,19,15,1,6,10,9,0,14,23,3,13,10
13005,0,0,1,0,1,0,3,4,3,6,5,5,0,0,4,6,2,1,2,0,1,0,1,3,0,1,1,7,9,10,0,10,3,2,1,4,1,1,10,16,4,9,3,4,1,8,19,10,5,5
13006,0,1,0,0,0,0,0,0,3,0,1,1,1,0,0,0,0,0,1,0,0,1,0,1,1,0,0,0,3,2,1,0,0,1,1,1,1,0,3,2,1,0,1,2,1,0,5,1,1,2
13007,0,0,1,1,0,1,2,1,0,2,1,2,0,0,1,1,1,0,0,1,0,0,2,1,0,2,1,3,2,3,0,2,1,1,0,3,1,2,3,5,1,2,1,3,2,4,5,2,2,3
13009,0,2,1,0,1,2,0,1,2,3,3,5,0,1,0,0,0,2,3,0,1,4,6,4,2,1,3,1,5,8,1,0,2,3,5,10,3,3,3,11,1,2,4,14,3,4,13,1,5,15
13010,1,2,5,2,0,1,4,3,5,5,6,7,0,0,2,0,2,5,1,5,5,4,6,7,3,7,1,7,10,13,0,2,7,6,9,13,8,3,12,18,2,7,11,17,10,8,23,2,13,22
13011,0,0,0,0,0,1,1,0,1,1,2,1,0,1,1,1,0,3,1,5,6,5,7,3,0,0,1,1,2,3,1,2,3,6,11,10,0,1,2,4,2,4,12,15,0,2,5,3,9,21
13012,1,0,1,0,1,1,2,0,4,3,4,2,0,0,0,1,2,1,2,4,4,6,2,1,1,1,2,2,7,6,0,1,3,6,10,3,2,2,6,9,0,4,10,9,2,4,13,1,9,13
13013,0,0,11,4,6,3,3,4,9,15,5,4,0,1,5,5,2,4,5,2,7,6,3,3,0,15,9,7,24,9,1,10,6,7,13,6,11,13,16,24,6,11,14,12,15,16,33,11,13,19
13014,0,3,2,1,0,1,1,2,2,2,2,2,0,0,0,2,1,2,1,2,2,1,2,4,3,3,1,3,4,4,0,2,3,3,3,6,5,2,5,6,0,5,5,7,6,4,8,2,6,9
13015,1,0,5,2,2,0,3,2,3,4,2,3,0,0,0,1,1,1,2,6,3,0,2,1,1,7,2,5,7,5,0,1,2,8,3,3,6,4,8,9,0,3,11,3,8,7,12,1,10,6
13016,0,0,1,0,1,0,4,6,2,0,7,2,1,0,1,0,0,2,2,4,4,1,1,2,0,1,1,10,2,9,1,1,2,6,5,3,1,1,12,9,2,2,10,4,1,11,11,2,8,8
13017,0,0,1,0,1,2,1,3,2,0,2,2,0,0,0,0,0,0,0,0,0,1,1,0,0,1,3,4,2,4,0,0,0,0,1,1,1,3,6,4,0,0,0,2,1,7,6,0,0,2
13025,0,0,3,9,9,11,26,17,25,20,8,5,3,0,4,8,8,13,7,6,8,5,4,9,0,12,20,43,45,13,3,12,21,13,13,13,3,29,68,33,7,29,21,18,12,63,58,15,34,26
13026,0,2,0,0,1,3,1,1,1,0,2,0,0,0,0,1,2,0,2,2,2,0,1,0,2,0,4,2,1,2,0,1,2,4,2,1,2,4,3,2,0,3,6,1,2,6,3,1,6,3
13061,0,0,0,0,1,2,1,1,3,2,4,2,0,0,0,1,2,0,1,1,6,6,4,5,0,0,3,2,5,6,0,1,2,2,12,9,0,3,5,8,0,3,8,15,0,5,11,1,4,21
15001,0,0,2,1,2,3,3,9,10,9,11,4,0,0,0,2,1,0,1,0,0,0,3,1,0,3,5,12,19,15,0,2,1,1,0,4,2,6,22,24,0,3,1,4,3,17,34,2,2,4
15002,0,0,1,1,0,2,1,5,4,5,0,2,1,2,0,0,3,2,6,1,0,1,0,1,0,2,2,6,9,2,3,0,5,7,1,1,1,3,10,7,3,5,7,2,2,8,11,3,12,2
15003,0,0,1,0,5,1,13,12,14,16,13,8,1,1,2,3,3,10,3,3,7,6,9,8,0,1,6,25,30,21,2,5,13,6,13,17,1,6,39,37,4,16,13,23,1,31,51,7,19,30
15004,1,1,1,0,0,2,1,0,5,9,7,2,1,1,0,0,3,2,1,4,5,12,2,3,2,1,2,1,14,9,2,0,5,5,17,5,3,2,6,18,2,5,10,17,3,3,23,2,10,22
15005,0,0,0,0,1,1,1,1,0,0,2,0,0,0,0,0,0,1,1,2,3,9,6,2,0,0,2,2,0,2,0,0,1,3,12,8,0,2,2,2,0,1,6,17,0,4,2,0,4,20
15006,0,0,1,1,0,0,0,1,1,3,4,0,0,1,1,0,0,1,2,1,4,1,0,2,0,2,0,1,4,4,1,1,1,3,5,2,1,1,2,7,2,1,7,3,2,1,8,2,4,7
15007,0,0,0,2,3,1,4,7,4,10,9,6,0,3,2,3,1,5,1,3,6,3,5,6,0,2,4,11,14,15,3,5,6,4,9,11,0,6,15,25,5,9,10,14,2,15,29,8,10,20
15008,1,0,0,1,0,0,0,2,2,3,3,3,0,0,0,1,0,0,1,2,1,2,3,4,1,1,0,2,5,6,0,1,0,3,3,7,1,1,4,9,0,1,4,9,2,2,11,1,3,10
15009,1,2,1,3,2,5,2,5,2,2,4,1,0,1,1,2,2,1,0,1,2,3,5,4,3,4,7,7,4,5,1,3,3,1,5,9,4,10,9,7,2,5,3,12,7,14,9,4,4,14
15010,0,0,0,0,0,0,0,0,0,0,0,0,0,0,0,0,0,0,0,0,0,0,0,0,0,0,0,0,0,0,0,0,0,0,0,0,0,0,0,0,0,0,0,0,0,0,0,0,0,0
15011,0,1,1,0,1,0,1,0,3,3,2,0,0,1,2,0,3,2,4,1,3,3,1,4,1,1,1,1,6,2,1,2,5,5,6,5,2,1,4,5,3,5,8,8,2,2,8,3,10,11
15012,2,0,2,1,1,1,6,5,9,6,14,9,0,0,2,1,2,2,3,3,5,4,3,4,2,3,2,11,15,23,0,3,4,6,9,7,4,3,20,29,2,5,11,11,5,13,38,3,10,16
15013,0,0,0,0,2,0,2,0,2,1,1,0,0,0,0,0,0,1,0,0,11,5,4,9,0,0,2,2,3,1,0,0,1,0,16,13,0,2,4,2,0,1,11,18,0,4,4,0,1,29
15014,0,0,1,2,0,1,3,7,5,4,4,3,0,1,1,0,2,1,1,5,2,5,4,4,0,3,1,10,9,7,1,1,3,6,7,8,1,3,15,11,2,3,8,13,3,11,16,2,9,15
15015,0,1,5,4,5,3,3,4,5,3,4,5,0,0,0,0,2,9,6,7,7,4,4,2,1,9,8,7,8,9,0,0,11,13,11,6,6,12,12,12,0,11,20,10,10,15,17,0,24,17
15016,0,1,1,1,3,1,6,2,3,1,1,5,0,1,0,1,3,1,1,4,4,9,0,4,1,2,4,8,4,6,1,1,4,5,13,4,2,5,11,7,1,5,9,13,3,12,10,2,9,17
15017,0,1,2,3,0,0,1,3,3,5,5,4,0,1,1,2,1,4,4,0,8,11,7,8,1,5,0,4,8,9,1,3,5,4,19,15,3,3,7,14,2,7,12,26,6,4,17,4,9,34
15018,1,0,1,2,1,2,0,4,0,8,5,3,0,0,0,2,1,2,3,5,6,2,11,12,1,3,3,4,8,8,0,2,3,8,8,23,2,5,4,16,0,5,14,25,4,7,16,2,11,31
15019,0,1,3,1,1,2,2,3,5,4,1,6,0,0,0,0,0,1,0,2,1,7,3,0,1,4,3,5,9,7,0,0,1,2,8,3,4,4,10,11,0,1,3,10,5,8,16,0,3,11
15020,0,0,0,0,0,0,0,0,0,1,5,6,0,0,0,0,0,0,0,0,2,5,2,0,0,0,0,0,1,11,0,0,0,0,7,2,0,0,0,12,0,0,2,7,0,0,12,0,0,9
15021,0,0,0,2,0,1,4,1,2,2,1,0,0,1,1,1,3,0,0,1,2,0,2,0,0,2,1,5,4,1,1,2,3,1,2,2,0,3,7,3,2,4,3,2,2,6,5,3,4,4
15022,0,1,0,3,5,2,3,4,2,5,5,5,0,1,0,5,4,2,5,6,9,10,12,25,1,3,7,7,7,10,1,5,6,11,19,37,1,10,9,15,1,11,20,47,4,14,17,6,17,56
15023,0,0,0,0,2,0,0,5,1,1,3,2,0,0,0,1,0,0,2,1,1,1,4,1,0,0,2,5,2,5,0,1,0,3,2,5,0,2,6,6,0,1,4,6,0,7,7,1,3,7
15024,0,0,1,0,1,0,0,0,2,0,2,0,0,0,0,2,0,1,0,0,3,0,0,3,0,1,1,0,2,2,0,2,1,0,3,3,1,1,2,2,0,3,3,3,1,1,4,2,1,6
15025,0,0,3,0,1,1,2,3,6,2,8,4,0,0,3,1,1,0,0,4,4,7,4,0,0,3,2,5,8,12,0,4,1,4,11,4,3,2,11,14,3,2,8,11,3,7,20,4,5,15
15026,0,2,0,0,2,2,0,2,2,1,3,0,0,1,1,0,1,0,1,2,3,3,2,3,2,0,4,2,3,3,1,1,1,3,6,5,2,4,4,4,2,1,6,8,2,6,6,2,4,11
15027,1,0,0,2,0,0,2,1,3,3,0,2,0,0,0,1,0,0,1,5,1,1,2,5,1,2,0,3,6,2,0,1,0,6,2,7,1,2,6,5,0,1,7,8,3,3,8,1,6,9
15028,0,1,2,0,1,5,1,1,10,10,10,10,0,0,1,1,1,1,3,6,1,6,1,4,1,2,6,2,20,20,0,2,2,9,7,5,3,6,12,30,1,3,10,11,3,8,40,2,11,12
15029,0,0,2,4,3,3,9,19,12,15,18,10,0,1,1,3,3,5,1,4,4,2,6,7,0,6,6,28,27,28,1,4,8,5,6,13,2,10,40,43,2,11,9,15,6,34,55,5,13,19
15030,0,1,0,4,2,3,0,7,3,3,4,1,0,0,1,0,1,1,0,5,3,5,2,4,1,4,5,7,6,5,0,1,2,5,8,6,1,9,10,8,1,2,8,11,5,12,11,1,7,14
15031,2,2,0,2,7,5,3,11,5,5,7,3,0,2,3,1,1,1,5,3,4,3,5,2,4,2,12,14,10,10,2,4,2,8,7,7,4,14,19,15,5,3,12,10,6,26,20,6,10,14
15032,0,1,0,1,1,4,2,0,7,0,0,2,0,0,0,1,3,1,2,5,2,2,2,6,1,1,5,2,7,2,0,1,4,7,4,8,1,6,9,2,0,5,9,10,2,7,9,1,11,12
15033,0,0,1,3,4,1,6,3,6,10,7,8,0,0,6,5,9,6,1,7,10,8,3,3,0,4,5,9,16,15,0,11,15,8,18,6,1,8,15,25,6,20,18,14,4,14,31,11,23,24
15034,0,3,2,1,3,3,6,6,19,7,13,21,1,4,1,3,5,10,6,6,7,14,6,6,3,3,6,12,26,34,5,4,15,12,21,12,5,7,31,41,6,18,19,26,6,18,60,9,27,33
15035,2,3,4,1,6,5,4,3,5,4,7,1,0,0,0,4,1,2,3,1,4,7,1,6,5,5,11,7,9,8,0,4,3,4,11,7,9,12,12,12,0,7,8,14,10,18,17,4,7,18
15036,1,1,0,2,1,2,1,1,0,1,4,5,0,1,0,2,0,2,2,3,1,1,0,6,2,2,3,2,1,9,1,2,2,5,2,6,2,5,2,10,1,4,6,7,4,5,10,3,7,8
15037,2,2,2,3,3,4,5,8,10,7,5,7,0,2,0,3,7,2,5,13,10,21,16,12,4,5,7,13,17,12,2,3,9,18,31,28,6,10,23,19,2,12,28,49,9,20,29,5,27,59
15038,1,3,1,4,3,7,4,3,2,4,5,4,0,2,0,0,2,2,0,1,0,2,1,6,4,5,10,7,6,9,2,0,4,1,2,7,5,14,9,13,2,4,1,9,9,17,15,2,5,9
15039,1,0,0,1,1,6,1,0,2,3,1,0,0,1,1,6,8,1,0,0,4,0,2,2,1,1,7,1,5,1,1,7,9,0,4,4,1,8,3,4,2,15,4,4,2,8,6,8,9,8
15040,0,0,2,2,2,2,1,3,2,0,3,5,1,0,1,1,6,1,3,3,7,10,6,8,0,4,4,4,2,8,1,2,7,6,17,14,2,6,6,8,2,8,13,24,4,8,10,3,13,31
15042,2,2,0,2,1,2,3,8,8,9,4,6,0,2,1,1,0,2,2,2,5,10,13,18,4,2,3,11,17,10,2,2,2,4,15,31,4,5,19,19,3,3,9,41,6,14,27,4,6,46
15043,1,1,1,2,1,1,3,1,2,1,0,2,2,1,0,0,1,2,1,2,3,3,3,5,2,3,2,4,3,2,3,0,3,3,6,8,3,4,6,3,3,3,6,11,5,6,5,3,6,14
15044,0,4,5,5,6,6,8,6,15,4,8,3,0,2,1,5,0,5,4,5,2,2,3,0,4,10,12,14,19,11,2,6,5,9,4,3,9,17,29,15,3,10,11,5,14,26,30,8,14,7
15045,1,4,7,6,4,4,7,8,5,1,6,3,0,1,1,4,2,2,2,2,2,3,2,1,5,13,8,15,6,9,1,5,4,4,5,3,12,14,20,10,2,8,6,6,18,23,15,6,8,8
15046,0,0,0,1,1,1,0,1,5,3,2,8,1,0,1,1,1,1,1,3,5,3,4,1,0,1,2,1,8,10,1,2,2,4,8,5,0,3,6,13,2,3,9,8,1,3,18,3,6,13
15047,0,0,0,1,2,1,4,4,3,1,5,8,1,0,0,2,2,1,4,2,5,4,4,0,0,1,3,8,4,13,1,2,3,6,9,4,0,4,11,14,1,5,11,8,1,11,17,3,9,13
15048,4,0,2,3,0,7,5,8,11,17,15,20,3,3,4,7,12,9,9,15,19,10,25,6,4,5,7,13,28,35,6,11,21,24,29,31,6,10,24,52,10,28,43,41,9,20,63,17,45,60
15049,3,0,4,4,1,2,7,6,6,4,5,9,2,1,3,3,3,1,8,7,2,3,3,4,3,8,3,13,10,14,3,6,4,15,5,7,7,7,19,18,6,7,17,10,11,16,24,9,19,12
15050,0,0,0,0,0,0,0,0,0,0,0,0,0,0,0,0,0,0,0,0,0,0,0,0,0,0,0,0,0,0,0,0,0,0,0,0,0,0,0,0,0,0,0,0,0,0,0,0,0,0
15051,1,1,0,1,2,1,0,0,1,3,2,0,0,1,1,0,1,2,0,0,4,4,2,3,2,1,3,0,4,2,1,1,3,0,8,5,2,4,1,5,2,3,4,9,3,3,6,2,3,13
15052,0,0,1,2,3,0,1,0,3,4,2,3,0,1,0,1,1,2,0,1,3,5,2,3,0,3,3,1,7,5,1,1,3,1,8,5,1,5,4,9,1,4,4,10,3,4,12,2,4,13
15053,1,0,0,1,4,1,7,3,0,3,5,3,0,0,2,2,0,2,2,6,4,6,4,5,1,1,5,10,3,8,0,4,2,8,10,9,1,6,10,11,2,4,12,15,2,15,11,4,10,19
15054,0,1,1,1,1,3,4,3,4,3,4,1,0,2,0,0,1,2,2,1,0,0,3,0,1,2,4,7,7,5,2,0,3,3,0,3,2,5,11,8,2,3,3,3,3,11,12,2,6,3
15055,1,1,2,1,4,2,2,3,1,0,1,1,1,0,0,0,0,3,0,4,0,0,2,1,2,3,6,5,1,2,1,0,3,4,0,3,4,7,6,2,1,3,4,3,5,11,3,1,7,3
15056,0,0,0,1,1,0,5,3,2,0,2,0,0,0,1,2,2,1,0,1,0,0,2,0,0,1,1,8,2,2,0,3,3,1,0,2,0,2,10,2,1,5,1,2,1,9,4,3,4,2
15057,0,2,3,3,4,4,3,3,4,3,3,5,0,1,1,0,2,1,2,1,2,1,4,9,2,6,8,6,7,8,1,1,3,3,3,13,5,11,10,11,2,3,5,14,8,14,15,2,6,16
15058,2,8,2,11,4,6,9,11,12,8,15,5,1,0,0,5,2,5,5,5,2,4,6,3,10,13,10,20,20,20,1,5,7,10,6,9,12,21,32,28,1,12,12,13,23,30,40,6,17,15
15059,0,0,0,0,4,1,2,2,1,3,1,0,1,0,1,1,2,2,3,1,4,3,3,9,0,0,5,4,4,1,1,2,4,4,7,12,0,5,5,4,2,5,8,15,0,9,5,3,8,19
15060,0,0,0,1,0,1,0,2,1,4,1,0,0,0,1,1,1,1,1,1,4,3,5,3,0,1,1,2,5,1,0,2,2,2,7,8,0,2,3,5,1,3,6,11,1,3,6,2,4,15
15061,2,0,3,2,2,1,0,1,2,1,2,0,0,0,0,1,0,1,1,0,0,0,3,0,2,5,3,1,3,2,0,1,1,1,0,3,5,5,3,3,0,2,1,3,7,4,5,1,2,3
15062,0,0,2,2,0,0,1,1,1,0,3,0,0,0,0,0,1,0,1,0,0,1,0,0,0,4,0,2,1,3,0,0,1,1,1,0,2,2,3,3,0,1,1,1,4,2,4,0,2,1
15063,1,0,1,0,0,2,3,3,1,1,4,6,1,1,5,6,1,4,10,13,6,2,7,3,1,1,2,6,2,10,2,11,5,23,8,10,2,2,7,11,7,11,29,12,2,8,12,13,28,18
15064,0,0,1,1,5,0,10,3,1,1,1,0,2,0,1,1,2,1,0,1,3,0,3,2,0,2,5,13,2,1,2,2,3,1,3,5,1,6,14,2,3,4,4,5,2,18,3,4,4,8
15065,2,2,0,1,1,2,0,1,4,1,1,2,0,0,1,2,2,2,2,2,4,5,2,3,4,1,3,1,5,3,0,3,4,4,9,5,4,4,5,4,1,6,8,10,5,4,8,3,8,14
15066,0,0,1,0,0,0,0,0,2,3,1,6,0,0,0,0,0,1,0,1,2,0,2,3,0,1,0,0,5,7,0,0,1,1,2,5,1,0,2,10,0,1,3,5,1,0,12,0,2,7
15067,2,1,0,5,2,3,4,5,3,2,0,2,0,0,1,1,2,3,1,2,2,1,0,0,3,5,5,9,5,2,0,2,5,3,3,0,3,10,12,4,1,6,5,1,8,14,7,2,8,3
15068,0,1,2,2,1,3,1,8,10,6,4,7,0,2,2,1,2,0,4,2,4,5,1,2,1,4,4,9,16,11,2,3,2,6,9,3,3,6,19,17,4,3,10,8,5,13,27,5,8,12
15069,1,1,1,0,2,1,0,1,1,1,1,1,0,1,0,1,2,2,0,3,2,1,0,0,2,1,3,1,2,2,1,1,4,3,3,0,3,3,2,3,1,5,5,1,3,4,4,2,7,3
15070,1,1,1,0,0,3,1,2,3,2,2,2,0,0,1,0,0,1,0,2,1,0,0,1,2,1,3,3,5,4,0,1,1,2,1,1,3,3,6,6,1,1,3,1,3,6,9,1,3,2
15075,0,0,2,3,4,5,7,8,3,9,5,1,0,1,0,1,1,3,2,1,2,7,4,2,0,5,9,15,12,6,1,1,4,3,9,6,2,12,18,15,1,5,5,13,5,24,18,2,7,15
15076,1,3,0,1,1,1,2,5,3,6,3,1,2,1,1,4,1,2,2,4,12,12,12,4,4,1,2,7,9,4,3,5,3,6,24,16,4,3,10,10,4,7,18,28,5,9,13,8,9,40
15077,0,1,1,3,1,2,6,6,1,2,3,5,1,0,1,0,1,2,2,2,5,6,5,1,1,4,3,12,3,8,1,1,3,4,11,6,2,6,13,10,2,3,9,12,5,15,11,2,7,17
15079,0,1,1,1,2,2,1,1,0,1,0,0,0,0,0,1,0,4,0,0,5,1,1,0,1,2,4,2,1,0,0,1,4,0,6,1,2,5,2,1,0,5,5,2,3,6,1,1,4,7
15083,0,0,0,0,0,0,0,0,0,0,0,0,0,0,0,0,0,0,0,0,0,0,0,0,0,0,0,0,0,0,0,0,0,0,0,0,0,0,0,0,0,0,0,0,0,0,0,0,0,0
15084,1,0,0,2,1,1,0,0,0,1,1,2,0,0,1,1,1,0,0,1,1,1,0,1,1,2,2,0,1,3,0,2,1,1,2,1,1,4,0,4,1,2,2,2,3,2,4,2,2,3
15087,0,0,0,0,0,1,0,0,5,1,2,0,0,0,0,2,1,1,1,0,1,0,1,0,0,0,1,0,6,2,0,2,2,1,1,1,0,1,5,3,0,4,2,1,0,1,8,2,3,2
15088,2,0,1,3,2,0,2,4,2,5,3,0,0,1,0,0,1,2,1,1,0,2,0,0,2,4,2,6,7,3,1,0,3,2,2,0,3,5,8,8,1,3,2,2,6,8,10,1,5,2
15090,0,0,0,3,2,3,2,1,4,2,5,0,0,0,2,3,0,2,6,2,2,3,1,2,0,3,5,3,6,5,0,5,2,8,5,3,0,8,7,7,2,5,10,6,3,8,11,5,10,8
