Õ¾µã,ÈÝÁ¿
11105,48
15056,45
15012,60
15039,31
11024,47
11123,42
15009,55
15054,29
15057,45
15035,58
11003,42
15019,41
15144,30
15076,40
15046,57
15077,27
15042,47
13014,42
13096,27
15037,48
15021,44
15002,60
15030,45
15044,49
15058,47
15079,26
15053,40
11009,29
13013,59
15043,42
15001,52
11013,41
11001,36
15048,35
15064,31
15020,41
15006,42
15028,62
15031,27
15040,34
15068,59
11107,45
15029,60
15017,58
11102,46
15032,41
11014,42
11127,37
11034,48
13025,58
15101,40
15033,44
15070,35
11126,29
11028,31
15052,62
11006,29
11019,38
15083,50
15055,25
15022,48
13002,53
13061,36
11106,34
15008,52
13095,22
13026,42
11016,48
15023,41
13003,49
15148,35
15047,41
13011,41
13010,48
13094,35
15069,43
13062,41
15143,35
13015,64
11035,45
15013,41
15063,61
15038,34
13005,36
15007,58
15045,35
15026,41
13016,45
11004,30
11129,28
15062,52
11128,46
15049,21
11002,32
13012,32
11023,30
15066,23
13097,26
15075,33
11007,42
11030,46
15014,34
13017,36
11027,39
15016,39
11103,41
15067,36
15011,60
15100,39
15084,53
15034,45
13064,19
11153,30
11104,28
11011,32
15024,45
15098,50
11157,28
15025,47
15015,41
11012,37
15060,24
11018,56
11020,44
15088,44
11272,34
13007,40
15051,41
11008,39
13001,41
15005,35
15065,42
11015,39
15087,45
13072,20
11029,58
11130,43
15090,30
13006,48
13070,26
11026,25
11022,27
13073,40
11031,49
13004,51
15061,36
15018,56
15099,34
11271,34
11005,37
15118,48
11021,34
11025,35
13099,35
15036,39
15003,58
15027,58
15004,58
13009,51
15120,24
13075,37
11101,33
13098,37
15059,31
